<?xml version="1.0" encoding="UTF-8" ?>
<!DOCTYPE mapper PUBLIC "-//mybatis.org//DTD Mapper 3.0//EN"
  "http://mybatis.org/dtd/mybatis-3-mapper.dtd">

<mapper namespace="member">

	 <resultMap type="memberDto" id="map2">
		<result property="id" column="id" />
		<result property="pw" column="pw" />
		<result property="name" column="name" />
		<result property="tel" column="tel" />
	</resultMap> 
<!-- ORM -->
	<select id="select" parameterType="memberDto" resultMap="map2">
		SELECT * FROM member WHERE id =#{id}
	</select>

	<insert id="insert" parameterType="memberDto">
		INSERT INTO member VALUES(#{id},#{pw},#{name},#{tel})
	</insert>
<!--  
	 <update id="update" parameterType="bookDto">
		UPDATE bookmark
		SET
		name=#{name}
		WHERE
		id = #{id}
	</update> 

    <delete id="delete" parameterType="bookDto">
		DELETE FROM bookmark WHERE
		id = #{id}
	</delete>  -->

</mapper>
