<?xml version="1.0" encoding="UTF-8" ?>
<!DOCTYPE mapper PUBLIC "-//mybatis.org//DTD Mapper 3.0//EN"
  "http://mybatis.org/dtd/mybatis-3-mapper.dtd">

<mapper namespace="product">

	<resultMap type="productDto" id="map1">
		<result property="id" column="id" />
		<result property="title" column="title" />
		<result property="content" column="content" />
		<result property="price" column="price" />
		<result property="img" column="img" />

	</resultMap>
	<!-- ORM -->
	<select id="selectAll2" resultMap="map1">
		SELECT * FROM product
	</select>

	<select id="select2" parameterType="productDto" resultMap="map1">
		SELECT *
		FROM product WHERE id = #{id}
	</select>


	<!-- <update id="update" parameterType="bookDto"> UPDATE bbs SET title=#{title} 
		content=#{content} writer=#{writer} WHERE id = #{id} </update> <delete id="delete" 
		parameterType="bookDto"> DELETE FROM bookmark WHERE id = #{id} </delete> -->

</mapper>
