<?xml version="1.0" encoding="UTF-8" ?>
<!DOCTYPE mapper PUBLIC "-//mybatis.org//DTD Mapper 3.0//EN"
  "http://mybatis.org/dtd/mybatis-3-mapper.dtd">

<mapper namespace="reply">

	<resultMap type="replyDto" id="map3">
		<result property="productId" column="productId" />
		<result property="content" column="content" />
		<result property="writer" column="writer" />
	</resultMap>
	<!-- ORM -->
	<select id="selectAll" resultMap="map3">
		SELECT * FROM reply WHERE productId=#{productId}
	</select>

	<!-- <update id="update" parameterType="bookDto"> UPDATE bbs SET title=#{title} 
		content=#{content} writer=#{writer} WHERE id = #{id} </update> <delete id="delete" 
		parameterType="bookDto"> DELETE FROM bookmark WHERE id = #{id} </delete> -->

</mapper>
